Email,Password,Warning,Note 
abc@gmail.com,bad password,Enter a valid email or username and/or password.,
abc@gmail.com,123,Enter a valid email or username and/or password.,
abc@gmail.com,456,Enter a valid email or username and/or password.,
abc@gmail.com,789,Enter a valid email or username and/or password.,
abc@gmail.com,123,Enter a valid email or username and/or password.,
abc@gmail.com,456,Enter a valid email or username and/or password.,
abc@gmail.com,ron,Enter a valid email or username and/or password.,
abc@gmail.com,146,Enter a valid email or username and/or password.,
abc@gmail.com,149,Enter a valid email or username and/or password.,
abc@gmail.com,134,Enter a valid email or username and/or password.,
abc@gmail.com,114,Enter a valid email or username and/or password.,Account is locked
