Username,Password,Warning,Note 
abc,bad password,Enter a valid email or username and/or password.,
abc,123,Enter a valid email or username and/or password.,
abc,456,Enter a valid email or username and/or password.,
abc,789,Enter a valid email or username and/or password.,
abc,123,Enter a valid email or username and/or password.,
abc,456,Enter a valid email or username and/or password.,
abc,ron,Enter a valid email or username and/or password.,
abc,146,Enter a valid email or username and/or password.,
abc,149,Enter a valid email or username and/or password.,
abc,134,Enter a valid email or username and/or password.,
abc,114,Enter a valid email or username and/or password.,Account is locked
